source,symbol,base_asset,quote_asset,price,volume_24h,market_cap,rank,timestamp,raw_symbol,canonical_symbol,exchange,extra_metadata
coingecko,USDT,USDT,USD,0.999084,73298417763.0,184056890654.0,3,2026-03-31 13:33:58.230420+00:00,tether,USDT,,"{""name"": ""Tether"", ""image"": ""https://coin-images.coingecko.com/coins/images/325/large/Tether.png?1696501661"", ""price_change_percentage_24h"": -0.00689}"
coingecko,USDC,USDC,USD,0.999704,9427036223.0,77366481766.0,6,2026-03-31 13:33:58.230420+00:00,usd-coin,USDC,,"{""name"": ""USDC"", ""image"": ""https://coin-images.coingecko.com/coins/images/6319/large/USDC.png?1769615602"", ""price_change_percentage_24h"": 9e-05}"
coingecko,SOL,SOL,USD,80.95,3824086712.0,46334884871.0,7,2026-03-31 13:33:58.230420+00:00,solana,SOL,,"{""name"": ""Solana"", ""image"": ""https://coin-images.coingecko.com/coins/images/4128/large/solana.png?1718769756"", ""price_change_percentage_24h"": -4.26815}"
coingecko,FIGRHELOC,FIGRHELOC,USD,1.012,925238777.0,16454401746.0,9,2026-03-31 13:33:58.230420+00:00,figure-heloc,FIGRHELOC,,"{""name"": ""Figure Heloc"", ""image"": ""https://coin-images.coingecko.com/coins/images/68480/large/figure.png?1755863954"", ""price_change_percentage_24h"": 1.23639}"
coingecko,DOGE,DOGE,USD,0.090705,986678134.0,13922871934.0,10,2026-03-31 13:33:58.230420+00:00,dogecoin,DOGE,,"{""name"": ""Dogecoin"", ""image"": ""https://coin-images.coingecko.com/coins/images/5/large/dogecoin.png?1696501409"", ""price_change_percentage_24h"": -2.46217}"
coingecko,USDS,USDS,USD,0.999196,108247035.0,11587269668.0,11,2026-03-31 13:33:58.230420+00:00,usds,USDS,,"{""name"": ""USDS"", ""image"": ""https://coin-images.coingecko.com/coins/images/39926/large/usds.webp?1726666683"", ""price_change_percentage_24h"": -0.04701}"
coingecko,WBT,WBT,USD,51.43,65692305.0,10972584203.0,12,2026-03-31 13:33:58.230420+00:00,whitebit,WBT,,"{""name"": ""WhiteBIT Coin"", ""image"": ""https://coin-images.coingecko.com/coins/images/27045/large/wbt_token.png?1696526096"", ""price_change_percentage_24h"": -1.93643}"
coingecko,BCH,BCH,USD,467.37,162178180.0,9380751246.0,13,2026-03-31 13:33:58.230420+00:00,bitcoin-cash,BCH,,"{""name"": ""Bitcoin Cash"", ""image"": ""https://coin-images.coingecko.com/coins/images/780/large/bitcoin-cash-circle.png?1696501932"", ""price_change_percentage_24h"": 1.9708}"
coingecko,LEO,LEO,USD,10.02,1809451.0,9231684793.0,14,2026-03-31 13:33:58.230420+00:00,leo-token,LEO,,"{""name"": ""LEO Token"", ""image"": ""https://coin-images.coingecko.com/coins/images/8418/large/leo-token.png?1696508607"", ""price_change_percentage_24h"": 3.20074}"
coingecko,ADA,ADA,USD,0.241832,378767517.0,8913442024.0,15,2026-03-31 13:33:58.230420+00:00,cardano,ADA,,"{""name"": ""Cardano"", ""image"": ""https://coin-images.coingecko.com/coins/images/975/large/cardano.png?1696502090"", ""price_change_percentage_24h"": -3.4259}"
coingecko,HYPE,HYPE,USD,36.15,281233643.0,8613740575.0,16,2026-03-31 13:33:58.230420+00:00,hyperliquid,HYPE,,"{""name"": ""Hyperliquid"", ""image"": ""https://coin-images.coingecko.com/coins/images/50882/large/hyperliquid.jpg?1729431300"", ""price_change_percentage_24h"": -6.00727}"
coingecko,XMR,XMR,USD,322.84,92506815.0,5971116001.0,18,2026-03-31 13:33:58.230420+00:00,monero,XMR,,"{""name"": ""Monero"", ""image"": ""https://coin-images.coingecko.com/coins/images/69/large/monero_logo.png?1696501460"", ""price_change_percentage_24h"": -4.05391}"
coingecko,USDE,USDE,USD,0.998928,103788834.0,5877592734.0,19,2026-03-31 13:33:58.230420+00:00,ethena-usde,USDE,,"{""name"": ""Ethena USDe"", ""image"": ""https://coin-images.coingecko.com/coins/images/33613/large/usde.png?1733810059"", ""price_change_percentage_24h"": -0.02555}"
coingecko,CC,CC,USD,0.143321,7793036.0,5473611530.0,20,2026-03-31 13:33:58.230420+00:00,canton-network,CC,,"{""name"": ""Canton"", ""image"": ""https://coin-images.coingecko.com/coins/images/70468/large/Canton-Ticker_%281%29.png?1762826299"", ""price_change_percentage_24h"": -5.62437}"
coingecko,XLM,XLM,USD,0.164754,91025457.0,5442429203.0,21,2026-03-31 13:33:58.230420+00:00,stellar,XLM,,"{""name"": ""Stellar"", ""image"": ""https://coin-images.coingecko.com/coins/images/100/large/fmpFRHHQ_400x400.jpg?1735231350"", ""price_change_percentage_24h"": -4.54549}"
coingecko,DAI,DAI,USD,0.999918,162273771.0,4391947446.0,22,2026-03-31 13:33:58.230420+00:00,dai,DAI,,"{""name"": ""Dai"", ""image"": ""https://coin-images.coingecko.com/coins/images/9956/large/Badge_Dai.png?1696509996"", ""price_change_percentage_24h"": -0.00431}"
coingecko,USD1,USD1,USD,0.998919,1331679450.0,4389233728.0,23,2026-03-31 13:33:58.230420+00:00,usd1-wlfi,USD1,,"{""name"": ""USD1"", ""image"": ""https://coin-images.coingecko.com/coins/images/54977/large/USD1_1000x1000_transparent.png?1749297002"", ""price_change_percentage_24h"": -0.07334}"
coingecko,M,M,USD,2.37,13086881.0,4152396756.0,25,2026-03-31 13:33:58.230420+00:00,memecore,M,,"{""name"": ""MemeCore"", ""image"": ""https://coin-images.coingecko.com/coins/images/53247/large/square-bg-transparent.png?1752637478"", ""price_change_percentage_24h"": 1.87499}"
coingecko,RAIN,RAIN,USD,0.00831759,35780689.0,3977146549.0,27,2026-03-31 13:33:58.230420+00:00,rain,RAIN,,"{""name"": ""Rain"", ""image"": ""https://coin-images.coingecko.com/coins/images/69134/large/Rain_logo_1_.png?1762952191"", ""price_change_percentage_24h"": 0.77519}"
coingecko,PYUSD,PYUSD,USD,0.999951,161617568.0,3887375279.0,28,2026-03-31 13:33:58.230420+00:00,paypal-usd,PYUSD,,"{""name"": ""PayPal USD"", ""image"": ""https://coin-images.coingecko.com/coins/images/31212/large/PYUSD_Token_Logo_2x.png?1765987788"", ""price_change_percentage_24h"": 0.00496}"
coingecko,AVAX,AVAX,USD,8.79,188054581.0,3794380691.0,29,2026-03-31 13:33:58.230420+00:00,avalanche-2,AVAX,,"{""name"": ""Avalanche"", ""image"": ""https://coin-images.coingecko.com/coins/images/12559/large/Avalanche_Circle_RedWhite_Trans.png?1696512369"", ""price_change_percentage_24h"": -2.26946}"
coingecko,HBAR,HBAR,USD,0.085206,69588722.0,3688320791.0,30,2026-03-31 13:33:58.230420+00:00,hedera-hashgraph,HBAR,,"{""name"": ""Hedera"", ""image"": ""https://coin-images.coingecko.com/coins/images/3688/large/hbar.png?1696504364"", ""price_change_percentage_24h"": -5.27094}"
coingecko,SHIB,SHIB,USD,5.9e-06,113913900.0,3471525990.0,31,2026-03-31 13:33:58.230420+00:00,shiba-inu,SHIB,,"{""name"": ""Shiba Inu"", ""image"": ""https://coin-images.coingecko.com/coins/images/11939/large/shiba.png?1696511800"", ""price_change_percentage_24h"": -2.24938}"
coingecko,SUI,SUI,USD,0.861894,296847719.0,3357294426.0,32,2026-03-31 13:33:58.230420+00:00,sui,SUI,,"{""name"": ""Sui"", ""image"": ""https://coin-images.coingecko.com/coins/images/26375/large/sui-ocean-square.png?1727791290"", ""price_change_percentage_24h"": -2.82928}"
coingecko,TON,TON,USD,1.22,71348962.0,2999213311.0,33,2026-03-31 13:33:58.230420+00:00,the-open-network,TON,,"{""name"": ""Toncoin"", ""image"": ""https://coin-images.coingecko.com/coins/images/17980/large/photo_2024-09-10_17.09.00.jpeg?1725963446"", ""price_change_percentage_24h"": -0.61066}"
coingecko,CRO,CRO,USD,0.069354,9667065.0,2931443574.0,34,2026-03-31 13:33:58.230420+00:00,crypto-com-chain,CRO,,"{""name"": ""Cronos"", ""image"": ""https://coin-images.coingecko.com/coins/images/7310/large/cro_token_logo.png?1696507599"", ""price_change_percentage_24h"": -2.58462}"
coingecko,TAO,TAO,USD,305.11,311921252.0,2923606582.0,35,2026-03-31 13:33:58.230420+00:00,bittensor,TAO,,"{""name"": ""Bittensor"", ""image"": ""https://coin-images.coingecko.com/coins/images/28452/large/ARUsPeNQ_400x400.jpeg?1696527447"", ""price_change_percentage_24h"": -3.80179}"
coingecko,WLFI,WLFI,USD,0.098126,39744992.0,2820977960.0,36,2026-03-31 13:33:58.230420+00:00,world-liberty-financial,WLFI,,"{""name"": ""World Liberty Financial"", ""image"": ""https://coin-images.coingecko.com/coins/images/50767/large/wlfi.png?1756438915"", ""price_change_percentage_24h"": -2.08568}"
coingecko,USYC,USYC,USD,1.12,224177.0,2680361381.0,37,2026-03-31 13:33:58.230420+00:00,hashnote-usyc,USYC,,"{""name"": ""Circle USYC"", ""image"": ""https://coin-images.coingecko.com/coins/images/51054/large/Hashnote_SDYC_200x200.png?1730370965"", ""price_change_percentage_24h"": 0.00012}"
coingecko,XAUT,XAUT,USD,4563.9,436849144.0,2554272597.0,38,2026-03-31 13:33:58.230420+00:00,tether-gold,XAUT,,"{""name"": ""Tether Gold"", ""image"": ""https://coin-images.coingecko.com/coins/images/10481/large/logo.png?1774627372"", ""price_change_percentage_24h"": 0.18452}"
coingecko,PAXG,PAXG,USD,4573.72,270430812.0,2351873721.0,39,2026-03-31 13:33:58.230420+00:00,pax-gold,PAXG,,"{""name"": ""PAX Gold"", ""image"": ""https://coin-images.coingecko.com/coins/images/9519/large/paxgold.png?1696509604"", ""price_change_percentage_24h"": 0.24036}"
coingecko,MNT,MNT,USD,0.684177,39819416.0,2242588157.0,40,2026-03-31 13:33:58.230420+00:00,mantle,MNT,,"{""name"": ""Mantle"", ""image"": ""https://coin-images.coingecko.com/coins/images/30980/large/MNT_Token_Logo.png?1765516974"", ""price_change_percentage_24h"": -1.01117}"
coingecko,BUIDL,BUIDL,USD,1.0,0.0,2226796210.0,41,2026-03-31 13:33:58.230420+00:00,blackrock-usd-institutional-digital-liquidity-fund,BUIDL,,"{""name"": ""BlackRock USD Institutional Digital Liquidity Fund"", ""image"": ""https://coin-images.coingecko.com/coins/images/36291/large/blackrock.png?1711013223"", ""price_change_percentage_24h"": 0.0}"
coingecko,UNI,UNI,USD,3.5,138771943.0,2213624999.0,42,2026-03-31 13:33:58.230420+00:00,uniswap,UNI,,"{""name"": ""Uniswap"", ""image"": ""https://coin-images.coingecko.com/coins/images/12504/large/uniswap-logo.png?1720676669"", ""price_change_percentage_24h"": -1.58987}"
coingecko,DOT,DOT,USD,1.26,122479237.0,2104773812.0,43,2026-03-31 13:33:58.230420+00:00,polkadot,DOT,,"{""name"": ""Polkadot"", ""image"": ""https://coin-images.coingecko.com/coins/images/12171/large/polkadot.jpg?1766533446"", ""price_change_percentage_24h"": -1.47359}"
coingecko,USDG,USDG,USD,0.999722,64602096.0,1821061899.0,44,2026-03-31 13:33:58.230420+00:00,global-dollar,USDG,,"{""name"": ""Global Dollar"", ""image"": ""https://coin-images.coingecko.com/coins/images/51281/large/GDN_USDG_Token_200x200.png?1730484111"", ""price_change_percentage_24h"": -0.01401}"
coingecko,USDF,USDF,USD,0.997488,1198499.0,1745895718.0,45,2026-03-31 13:33:58.230420+00:00,falcon-finance,USDF,,"{""name"": ""Falcon USD"", ""image"": ""https://coin-images.coingecko.com/coins/images/54558/large/ff_200_X_200.png?1740741076"", ""price_change_percentage_24h"": -0.05052}"
coingecko,OKB,OKB,USD,82.56,13403883.0,1733095409.0,46,2026-03-31 13:33:58.230420+00:00,okb,OKB,,"{""name"": ""OKB"", ""image"": ""https://coin-images.coingecko.com/coins/images/4463/large/WeChat_Image_20220118095654.png?1696505053"", ""price_change_percentage_24h"": -2.98263}"
coingecko,PI,PI,USD,0.173066,16121065.0,1723995941.0,47,2026-03-31 13:33:58.230420+00:00,pi-network,PI,,"{""name"": ""Pi Network"", ""image"": ""https://coin-images.coingecko.com/coins/images/54342/large/pi_network.jpg?1739347576"", ""price_change_percentage_24h"": -1.83224}"
coingecko,SKY,SKY,USD,0.073583,94787608.0,1703313911.0,48,2026-03-31 13:33:58.230420+00:00,sky,SKY,,"{""name"": ""Sky"", ""image"": ""https://coin-images.coingecko.com/coins/images/39925/large/sky.jpg?1724827980"", ""price_change_percentage_24h"": -1.87771}"
coingecko,ASTER,ASTER,USD,0.662139,111818617.0,1625691898.0,49,2026-03-31 13:33:58.230420+00:00,aster-2,ASTER,,"{""name"": ""Aster"", ""image"": ""https://coin-images.coingecko.com/coins/images/69040/large/_ASTER.png?1757326782"", ""price_change_percentage_24h"": -2.21687}"
coingecko,HTX,HTX,USD,1.71e-06,14473026.0,1564892066.0,50,2026-03-31 13:33:58.230420+00:00,htx-dao,HTX,,"{""name"": ""HTX DAO"", ""image"": ""https://coin-images.coingecko.com/coins/images/35491/large/Frame_1321318576.png?1708908626"", ""price_change_percentage_24h"": -0.67268}"
coingecko,NEAR,NEAR,USD,1.18,177384036.0,1522722965.0,51,2026-03-31 13:33:58.230420+00:00,near,NEAR,,"{""name"": ""NEAR Protocol"", ""image"": ""https://coin-images.coingecko.com/coins/images/10365/large/near.jpg?1696510367"", ""price_change_percentage_24h"": -1.73618}"
coingecko,AAVE,AAVE,USD,96.93,158551309.0,1471220234.0,52,2026-03-31 13:33:58.230420+00:00,aave,AAVE,,"{""name"": ""Aave"", ""image"": ""https://coin-images.coingecko.com/coins/images/12645/large/aave-token-round.png?1720472354"", ""price_change_percentage_24h"": -2.70157}"
coinmarketcap,U,U,USD,0.9997572212390367,32696066.84165044,1104590046.93,52,2026-03-31 13:33:59.686346+00:00,united-stables,U,,"{""name"": ""United Stables"", ""circulating_supply"": 1104858283.05, ""percent_change_24h"": -0.00550876}"
coingecko,RLUSD,RLUSD,USD,0.999755,106349030.0,1416096319.0,53,2026-03-31 13:33:58.230420+00:00,ripple-usd,RLUSD,,"{""name"": ""Ripple USD"", ""image"": ""https://coin-images.coingecko.com/coins/images/39651/large/RLUSD_200x200_%281%29.png?1727376633"", ""price_change_percentage_24h"": -0.05524}"
coingecko,PEPE,PEPE,USD,3.33e-06,211645981.0,1398882433.0,54,2026-03-31 13:33:58.230420+00:00,pepe,PEPE,,"{""name"": ""Pepe"", ""image"": ""https://coin-images.coingecko.com/coins/images/29850/large/pepe-token.jpeg?1696528776"", ""price_change_percentage_24h"": -1.02994}"
coingecko,BGB,BGB,USD,1.92,21084969.0,1345598643.0,55,2026-03-31 13:33:58.230420+00:00,bitget-token,BGB,,"{""name"": ""Bitget Token"", ""image"": ""https://coin-images.coingecko.com/coins/images/11610/large/Bitget_logo.png?1736925727"", ""price_change_percentage_24h"": -0.25826}"
coingecko,BFUSD,BFUSD,USD,0.998503,3589083.0,1317894612.0,56,2026-03-31 13:33:58.230420+00:00,bfusd,BFUSD,,"{""name"": ""BFUSD"", ""image"": ""https://coin-images.coingecko.com/coins/images/68227/large/bfusd.png?1755132827"", ""price_change_percentage_24h"": -0.06975}"
coingecko,USDY,USDY,USD,1.13,635567.0,1314785889.0,57,2026-03-31 13:33:58.230420+00:00,ondo-us-dollar-yield,USDY,,"{""name"": ""Ondo US Dollar Yield"", ""image"": ""https://coin-images.coingecko.com/coins/images/31700/large/usdy_%281%29.png?1696530524"", ""price_change_percentage_24h"": 1.24164}"
coingecko,ONDO,ONDO,USD,0.260872,54888726.0,1269413961.0,58,2026-03-31 13:33:58.230420+00:00,ondo-finance,ONDO,,"{""name"": ""Ondo"", ""image"": ""https://coin-images.coingecko.com/coins/images/26580/large/ONDO.png?1696525656"", ""price_change_percentage_24h"": -2.61041}"
coingecko,ICP,ICP,USD,2.26,35966096.0,1245664266.0,60,2026-03-31 13:33:58.230420+00:00,internet-computer,ICP,,"{""name"": ""Internet Computer"", ""image"": ""https://coin-images.coingecko.com/coins/images/14495/large/Internet_Computer_logo.png?1696514180"", ""price_change_percentage_24h"": -0.04046}"
coingecko,JTRSY,JTRSY,USD,1.099,0.0,1165701004.0,61,2026-03-31 13:33:58.230420+00:00,janus-henderson-anemoy-treasury-fund,JTRSY,,"{""name"": ""Janus Henderson Anemoy Treasury Fund"", ""image"": ""https://coin-images.coingecko.com/coins/images/70445/large/JTRSY.png?1762078582"", ""price_change_percentage_24h"": 0.00947}"
coingecko,GT,GT,USD,6.51,2458366.0,1133103428.0,62,2026-03-31 13:33:58.230420+00:00,gatechain-token,GT,,"{""name"": ""Gate"", ""image"": ""https://coin-images.coingecko.com/coins/images/8183/large/200X200.png?1735246724"", ""price_change_percentage_24h"": -1.03826}"
coingecko,KCS,KCS,USD,8.05,7912600.0,1063050708.0,63,2026-03-31 13:33:58.230420+00:00,kucoin-shares,KCS,,"{""name"": ""KuCoin"", ""image"": ""https://coin-images.coingecko.com/coins/images/1047/large/sa9z79.png?1696502152"", ""price_change_percentage_24h"": -0.89069}"
coingecko,QNT,QNT,USD,70.3,11032055.0,1022070457.0,64,2026-03-31 13:33:58.230420+00:00,quant-network,QNT,,"{""name"": ""Quant"", ""image"": ""https://coin-images.coingecko.com/coins/images/3370/large/5ZOu7brX_400x400.jpg?1696504070"", ""price_change_percentage_24h"": 0.84473}"
coingecko,USDD,USDD,USD,0.999611,4551845.0,978816141.0,65,2026-03-31 13:33:58.230420+00:00,usdd,USDD,,"{""name"": ""USDD"", ""image"": ""https://coin-images.coingecko.com/coins/images/25380/large/UUSD.jpg?1696524513"", ""price_change_percentage_24h"": 0.00607}"
coingecko,PUMP,PUMP,USD,0.00163748,59873643.0,965911685.0,66,2026-03-31 13:33:58.230420+00:00,pump-fun,PUMP,,"{""name"": ""Pump.fun"", ""image"": ""https://coin-images.coingecko.com/coins/images/67164/large/pump.jpg?1751949376"", ""price_change_percentage_24h"": -4.52259}"
coingecko,POL,POL,USD,0.089116,57322153.0,945307622.0,67,2026-03-31 13:33:58.230420+00:00,polygon-ecosystem-token,POL,,"{""name"": ""POL (ex-MATIC)"", ""image"": ""https://coin-images.coingecko.com/coins/images/32440/large/pol.png?1759114181"", ""price_change_percentage_24h"": -4.72712}"
coingecko,EUTBL,EUTBL,USD,1.21,0.0,932169160.0,68,2026-03-31 13:33:58.230420+00:00,eutbl,EUTBL,,"{""name"": ""Spiko EU T-Bills Money Market Fund"", ""image"": ""https://coin-images.coingecko.com/coins/images/39657/large/EUTBL.png?1723517425"", ""price_change_percentage_24h"": 0.30469}"
coinmarketcap,DEXE,DEXE,USD,7.8447474625393285,16715593.54856415,656869583.22,68,2026-03-31 13:33:59.686346+00:00,dexe,DEXE,,"{""name"": ""DeXe"", ""circulating_supply"": 83733681.21267147, ""percent_change_24h"": 1.08336944}"
coingecko,WLD,WLD,USD,0.274553,76325856.0,886238449.0,69,2026-03-31 13:33:58.230420+00:00,worldcoin-wld,WLD,,"{""name"": ""Worldcoin"", ""image"": ""https://coin-images.coingecko.com/coins/images/31069/large/worldcoin.jpeg?1696529903"", ""price_change_percentage_24h"": -2.88311}"
coingecko,RENDER,RENDER,USD,1.7,56417931.0,880410548.0,70,2026-03-31 13:33:58.230420+00:00,render-token,RENDER,,"{""name"": ""Render"", ""image"": ""https://coin-images.coingecko.com/coins/images/11636/large/rndr.png?1696511529"", ""price_change_percentage_24h"": -2.18114}"
coingecko,NEXO,NEXO,USD,0.874418,6097522.0,873997200.0,71,2026-03-31 13:33:58.230420+00:00,nexo,NEXO,,"{""name"": ""NEXO"", ""image"": ""https://coin-images.coingecko.com/coins/images/3695/large/CG-nexo-token-200x200_2x.png?1730414360"", ""price_change_percentage_24h"": -2.4608}"
coingecko,KAS,KAS,USD,0.03196132,17365963.0,872121418.0,72,2026-03-31 13:33:58.230420+00:00,kaspa,KAS,,"{""name"": ""Kaspa"", ""image"": ""https://coin-images.coingecko.com/coins/images/25751/large/kaspa-icon-exchanges.png?1696524837"", ""price_change_percentage_24h"": -3.10413}"
coinmarketcap,ZRO,ZRO,USD,1.8486579106906524,36774510.21052855,578702028.78,72,2026-03-31 13:33:59.686346+00:00,layerzero,ZRO,,"{""name"": ""LayerZero"", ""circulating_supply"": 313039002.74397427, ""percent_change_24h"": -8.67326388}"
coingecko,USDTB,USDTB,USD,0.999875,1628768.0,868313405.0,73,2026-03-31 13:33:58.230420+00:00,usdtb,USDTB,,"{""name"": ""USDtb"", ""image"": ""https://coin-images.coingecko.com/coins/images/52804/large/76357aa8-4ef7-446c-bad3-a3f944eeec7a.jpeg?1758277468"", ""price_change_percentage_24h"": 0.07854}"
coingecko,NIGHT,NIGHT,USD,0.05166,573782303.0,857930543.0,74,2026-03-31 13:33:58.230420+00:00,midnight-3,NIGHT,,"{""name"": ""Midnight"", ""image"": ""https://coin-images.coingecko.com/coins/images/71015/large/midnight.png?1765193080"", ""price_change_percentage_24h"": 10.32992}"
coingecko,ATOM,ATOM,USD,1.67,36830869.0,837969093.0,75,2026-03-31 13:33:58.230420+00:00,cosmos,ATOM,,"{""name"": ""Cosmos Hub"", ""image"": ""https://coin-images.coingecko.com/coins/images/1481/large/cosmos_hub.png?1696502525"", ""price_change_percentage_24h"": -0.79809}"
coingecko,MORPHO,MORPHO,USD,1.48,8502257.0,815811177.0,76,2026-03-31 13:33:58.230420+00:00,morpho,MORPHO,,"{""name"": ""Morpho"", ""image"": ""https://coin-images.coingecko.com/coins/images/29837/large/Morpho-token-icon.png?1726771230"", ""price_change_percentage_24h"": -3.52036}"
coingecko,USTB,USTB,USD,11.04,0.0,799391717.0,77,2026-03-31 13:33:58.230420+00:00,superstate-short-duration-us-government-securities-fund-ustb,USTB,,"{""name"": ""Superstate Short Duration U.S. Government Securities Fund (USTB)"", ""image"": ""https://coin-images.coingecko.com/coins/images/35012/large/ustb.jpeg?1707102680"", ""price_change_percentage_24h"": 0.02888}"
coingecko,ENA,ENA,USD,0.091012,78333624.0,771379477.0,78,2026-03-31 13:33:58.230420+00:00,ethena,ENA,,"{""name"": ""Ethena"", ""image"": ""https://coin-images.coingecko.com/coins/images/36530/large/ethena.png?1711701436"", ""price_change_percentage_24h"": -1.46958}"
coingecko,ALGO,ALGO,USD,0.08615,46408473.0,764589205.0,79,2026-03-31 13:33:58.230420+00:00,algorand,ALGO,,"{""name"": ""Algorand"", ""image"": ""https://coin-images.coingecko.com/coins/images/4380/large/download.png?1696504978"", ""price_change_percentage_24h"": 3.03109}"
coingecko,SIREN,SIREN,USD,1.049,43390496.0,761970394.0,80,2026-03-31 13:33:58.230420+00:00,siren-2,SIREN,,"{""name"": ""Siren"", ""image"": ""https://coin-images.coingecko.com/coins/images/54479/large/siren.png?1739960056"", ""price_change_percentage_24h"": -38.85432}"
coingecko,APT,APT,USD,0.896855,75581380.0,712172214.0,81,2026-03-31 13:33:58.230420+00:00,aptos,APT,,"{""name"": ""Aptos"", ""image"": ""https://coin-images.coingecko.com/coins/images/26455/large/Aptos-Network-Symbol-Black-RGB-1x.png?1761789140"", ""price_change_percentage_24h"": -4.02744}"
coingecko,TRUMP,TRUMP,USD,2.99,136273493.0,695530072.0,82,2026-03-31 13:33:58.230420+00:00,official-trump,TRUMP,,"{""name"": ""Official Trump"", ""image"": ""https://coin-images.coingecko.com/coins/images/53746/large/trump.png?1737171561"", ""price_change_percentage_24h"": 0.53166}"
coingecko,FLR,FLR,USD,0.00773553,3500330.0,660986588.0,83,2026-03-31 13:33:58.230420+00:00,flare-networks,FLR,,"{""name"": ""Flare"", ""image"": ""https://coin-images.coingecko.com/coins/images/28624/large/FLR-icon200x200.png?1696527609"", ""price_change_percentage_24h"": -1.73666}"
coinmarketcap,CAKE,CAKE,USD,1.3710136097949386,27198489.85388604,450445248.16,83,2026-03-31 13:33:59.686346+00:00,pancakeswap,CAKE,,"{""name"": ""PancakeSwap"", ""circulating_supply"": 328549071.242276, ""percent_change_24h"": -2.56403524}"
coingecko,FIL,FIL,USD,0.826037,71401208.0,632195330.0,84,2026-03-31 13:33:58.230420+00:00,filecoin,FIL,,"{""name"": ""Filecoin"", ""image"": ""https://coin-images.coingecko.com/coins/images/12817/large/filecoin.png?1696512609"", ""price_change_percentage_24h"": -2.00486}"
coinmarketcap,CHZ,CHZ,USD,0.042631161960565586,83706168.75092396,438449691.59,84,2026-03-31 13:33:59.686346+00:00,chiliz,CHZ,,"{""name"": ""Chiliz"", ""circulating_supply"": 10284722992.0, ""percent_change_24h"": -1.08425937}"
coingecko,OUSG,OUSG,USD,114.76,0.0,621383127.0,85,2026-03-31 13:33:58.230420+00:00,ousg,OUSG,,"{""name"": ""OUSG"", ""image"": ""https://coin-images.coingecko.com/coins/images/29023/large/OUSG.png?1696527993"", ""price_change_percentage_24h"": 0.02771}"
coinmarketcap,VIRTUAL,VIRTUAL,USD,0.6428509889406996,52918024.56963497,421904370.67,85,2026-03-31 13:33:59.686346+00:00,virtual-protocol,VIRTUAL,,"{""name"": ""Virtuals Protocol"", ""circulating_supply"": 656301970.3333926, ""percent_change_24h"": -4.20076682}"
coingecko,XDC,XDC,USD,0.03078553,18963655.0,613289384.0,86,2026-03-31 13:33:58.230420+00:00,xdce-crowd-sale,XDC,,"{""name"": ""XDC Network"", ""image"": ""https://coin-images.coingecko.com/coins/images/2912/large/xdc-icon.png?1696503661"", ""price_change_percentage_24h"": -2.606}"
coinmarketcap,EURC,EURC,USD,1.1512424068460072,53302462.16461312,418357098.68,86,2026-03-31 13:33:59.686346+00:00,euro-coin,EURC,,"{""name"": ""EURC"", ""circulating_supply"": 363396185.0192071, ""percent_change_24h"": 0.24592276}"
coingecko,BDX,BDX,USD,0.080443,12188968.0,612245311.0,87,2026-03-31 13:33:58.230420+00:00,beldex,BDX,,"{""name"": ""Beldex"", ""image"": ""https://coin-images.coingecko.com/coins/images/5111/large/Beldex.png?1696505631"", ""price_change_percentage_24h"": -0.35117}"
coingecko,YLDS,YLDS,USD,0.999844,11430665.0,609598512.0,88,2026-03-31 13:33:58.230420+00:00,ylds,YLDS,,"{""name"": ""YLDS"", ""image"": ""https://coin-images.coingecko.com/coins/images/66486/large/YLDS.png?1772560579"", ""price_change_percentage_24h"": 0.00895}"
coinmarketcap,PENGU,PENGU,USD,0.006372962239741234,66892732.15677328,400606930.66,88,2026-03-31 13:33:59.686346+00:00,pudgy-penguins,PENGU,,"{""name"": ""Pudgy Penguins"", ""circulating_supply"": 62860396090.04, ""percent_change_24h"": -2.72152435}"
coingecko,GHO,GHO,USD,0.998971,5748163.0,583446766.0,89,2026-03-31 13:33:58.230420+00:00,gho,GHO,,"{""name"": ""GHO"", ""image"": ""https://coin-images.coingecko.com/coins/images/30663/large/gho-token-logo.png?1720517092"", ""price_change_percentage_24h"": 0.01949}"
coinmarketcap,STX,STX,USD,0.21904713032417636,7295179.04339787,397484190.57,89,2026-03-31 13:33:59.686346+00:00,stacks,STX,,"{""name"": ""Stacks"", ""circulating_supply"": 1814605788.19049, ""percent_change_24h"": -2.03263116}"
coingecko,HASH,HASH,USD,0.01038236,7581.07,584601343.0,90,2026-03-31 13:33:58.230420+00:00,hash-2,HASH,,"{""name"": ""Provenance Blockchain"", ""image"": ""https://coin-images.coingecko.com/coins/images/66154/large/Hastra_Icon.png?1748497203"", ""price_change_percentage_24h"": -1.94893}"
coinmarketcap,FDUSD,FDUSD,USD,0.9985190566558406,231848569.84618205,393680825.59,90,2026-03-31 13:33:59.686346+00:00,first-digital-usd,FDUSD,,"{""name"": ""First Digital USD"", ""circulating_supply"": 394264709.282202, ""percent_change_24h"": -0.03063111}"
coingecko,VET,VET,USD,0.00665582,12324157.0,571792034.0,91,2026-03-31 13:33:58.230420+00:00,vechain,VET,,"{""name"": ""VeChain"", ""image"": ""https://coin-images.coingecko.com/coins/images/1167/large/VET.png?1742383283"", ""price_change_percentage_24h"": -2.22644}"
coinmarketcap,XTZ,XTZ,USD,0.34856949102083784,15536531.33074972,376518714.11,91,2026-03-31 13:33:59.686346+00:00,tezos,XTZ,,"{""name"": ""Tezos"", ""circulating_supply"": 1080182643.077296, ""percent_change_24h"": -0.22947875}"
coingecko,USD0,USD0,USD,0.997149,348664.0,560869494.0,92,2026-03-31 13:33:58.230420+00:00,usual-usd,USD0,,"{""name"": ""Usual USD"", ""image"": ""https://coin-images.coingecko.com/coins/images/38272/large/USD0LOGO.png?1716962811"", ""price_change_percentage_24h"": -0.14975}"
coinmarketcap,ETHFI,ETHFI,USD,0.46930352510487944,26913283.41701052,369466063.7,92,2026-03-31 13:33:59.686346+00:00,ether-fi-ethfi,ETHFI,,"{""name"": ""ether.fi"", ""circulating_supply"": 787264625.0, ""percent_change_24h"": -0.59181609}"
coingecko,ARB,ARB,USD,0.092508,52141140.0,558284339.0,93,2026-03-31 13:33:58.230420+00:00,arbitrum,ARB,,"{""name"": ""Arbitrum"", ""image"": ""https://coin-images.coingecko.com/coins/images/16547/large/arb.jpg?1721358242"", ""price_change_percentage_24h"": -0.99677}"
coinmarketcap,DCR,DCR,USD,20.858985605445984,3066900.24381422,361865415.54,93,2026-03-31 13:33:59.686346+00:00,decred,DCR,,"{""name"": ""Decred"", ""circulating_supply"": 17348178.97609258, ""percent_change_24h"": -1.28159841}"
coingecko,JST,JST,USD,0.061746,26471089.0,544465328.0,94,2026-03-31 13:33:58.230420+00:00,just,JST,,"{""name"": ""JUST"", ""image"": ""https://coin-images.coingecko.com/coins/images/11095/large/JUST.jpg?1696511035"", ""price_change_percentage_24h"": 3.60336}"
coinmarketcap,SUN,SUN,USD,0.01786270063095484,121260230.22195855,343427719.45,94,2026-03-31 13:33:59.686346+00:00,sun-token,SUN,,"{""name"": ""Sun [New]"", ""circulating_supply"": 19225968488.25119, ""percent_change_24h"": 2.08954163}"
coingecko,JUP,JUP,USD,0.153059,24591540.0,542642983.0,95,2026-03-31 13:33:58.230420+00:00,jupiter-exchange-solana,JUP,,"{""name"": ""Jupiter"", ""image"": ""https://coin-images.coingecko.com/coins/images/34188/large/jup.png?1704266489"", ""price_change_percentage_24h"": -0.70936}"
coinmarketcap,SEI,SEI,USD,0.04989734184574088,40372098.96059996,342018557.58,95,2026-03-31 13:33:59.686346+00:00,sei,SEI,,"{""name"": ""Sei"", ""circulating_supply"": 6854444444.0, ""percent_change_24h"": -6.89472611}"
coingecko,FET,FET,USD,0.228702,89214167.0,516292474.0,96,2026-03-31 13:33:58.230420+00:00,fetch-ai,FET,,"{""name"": ""Artificial Superintelligence Alliance"", ""image"": ""https://coin-images.coingecko.com/coins/images/5681/large/ASI.png?1719827289"", ""price_change_percentage_24h"": -6.03327}"
coinmarketcap,RIVER,RIVER,USD,17.204522109937045,44971084.61507842,337208633.35,96,2026-03-31 13:33:59.686346+00:00,river,RIVER,,"{""name"": ""River"", ""circulating_supply"": 19600000.0, ""percent_change_24h"": 23.45711033}"
coingecko,BONK,BONK,USD,5.77e-06,37706625.0,507561499.0,97,2026-03-31 13:33:58.230420+00:00,bonk,BONK,,"{""name"": ""Bonk"", ""image"": ""https://coin-images.coingecko.com/coins/images/28600/large/bonk.jpg?1696527587"", ""price_change_percentage_24h"": -2.2123}"
coinmarketcap,GNO,GNO,USD,122.36202194497228,4161709.05882085,322948687.99,97,2026-03-31 13:33:59.686346+00:00,gnosis-gno,GNO,,"{""name"": ""Gnosis"", ""circulating_supply"": 2639288.58690742, ""percent_change_24h"": 0.38158068}"
coingecko,STABLE,STABLE,USD,0.02360462,14451067.0,504379312.0,98,2026-03-31 13:33:58.230420+00:00,stable-2,STABLE,,"{""name"": ""​​Stable"", ""image"": ""https://coin-images.coingecko.com/coins/images/69242/large/stable-logotype-framed-square-light.png?1762753913"", ""price_change_percentage_24h"": -4.10259}"
coinmarketcap,NFT,NFT,USD,3.2582139303063423e-07,11058685.79784193,322597583.55,98,2026-03-31 13:33:59.686346+00:00,apenft,NFT,,"{""name"": ""AINFT"", ""circulating_supply"": 990105592982874.8, ""percent_change_24h"": -0.42481624}"
coingecko,TUSD,TUSD,USD,0.997353,9084242.0,493340479.0,99,2026-03-31 13:33:58.230420+00:00,true-usd,TUSD,,"{""name"": ""TrueUSD"", ""image"": ""https://coin-images.coingecko.com/coins/images/3449/large/tusd.png?1696504140"", ""price_change_percentage_24h"": -0.02587}"
coinmarketcap,CRV,CRV,USD,0.2125116432813537,46719534.95680217,314872059.03,99,2026-03-31 13:33:59.686346+00:00,curve-dao-token,CRV,,"{""name"": ""Curve DAO Token"", ""circulating_supply"": 1481669682.5259194, ""percent_change_24h"": -3.66699929}"
coingecko,A7A5,A7A5,USD,0.0121601,2074.7,476670634.0,100,2026-03-31 13:33:58.230420+00:00,a7a5,A7A5,,"{""name"": ""A7A5"", ""image"": ""https://coin-images.coingecko.com/coins/images/66657/large/A7A5_200.png?1750163839"", ""price_change_percentage_24h"": -4.56866}"
coinmarketcap,BTT,BTT,USD,3.1509632492523274e-07,8667688.09185157,311012010.39,100,2026-03-31 13:33:59.686346+00:00,bittorrent-new,BTT,,"{""name"": ""BitTorrent [New]"", ""circulating_supply"": 987037885840674.8, ""percent_change_24h"": -0.95064781}"
binance,BTC/USDT,BTC,USDT,66764.48,1276826229.9408002,,,2026-03-31 13:33:53.697123+00:00,BTCUSDT,BTC,binance,"{""price_change_percent"": -1.811, ""trade_count"": 3934232}"
binance,ETH/USDT,ETH,USDT,2059.34,687640943.329121,,,2026-03-31 13:33:53.697123+00:00,ETHUSDT,ETH,binance,"{""price_change_percent"": -0.751, ""trade_count"": 4019230}"
binance,BNB/USDT,BNB,USDT,607.59,72834225.58313,,,2026-03-31 13:33:53.697123+00:00,BNBUSDT,BNB,binance,"{""price_change_percent"": -1.886, ""trade_count"": 816668}"
binance,XRP/ETH,XRP,ETH,0.0006412,403.06535797,,,2026-03-31 13:33:53.697123+00:00,XRPETH,XRP,binance,"{""price_change_percent"": -1.837, ""trade_count"": 4779}"
binance,OMG/ETH,OMG,ETH,0.000791,314.520963,,,2026-03-31 13:33:53.697123+00:00,OMGETH,OMG,binance,"{""price_change_percent"": -25.095, ""trade_count"": 4000}"
binance,TRX/ETH,TRX,ETH,0.0001532,312.76686749,,,2026-03-31 13:33:53.697123+00:00,TRXETH,TRX,binance,"{""price_change_percent"": -0.215, ""trade_count"": 5526}"
binance,ZRX/ETH,ZRX,ETH,9.94e-05,249.5760308,,,2026-03-31 13:33:53.697123+00:00,ZRXETH,ZRX,binance,"{""price_change_percent"": -32.838, ""trade_count"": 4000}"
binance,IOTA/ETH,IOTA,ETH,3.346e-05,248.16183121,,,2026-03-31 13:33:53.697123+00:00,IOTAETH,IOTA,binance,"{""price_change_percent"": -15.334, ""trade_count"": 4000}"
binance,MTL/ETH,MTL,ETH,0.0006834,247.99011545,,,2026-03-31 13:33:53.697123+00:00,MTLETH,MTL,binance,"{""price_change_percent"": -19.163, ""trade_count"": 4000}"
binance,DASH/ETH,DASH,ETH,0.02084,214.67766413,,,2026-03-31 13:33:53.697123+00:00,DASHETH,DASH,binance,"{""price_change_percent"": -16.906, ""trade_count"": 4000}"
binance,NEO/ETH,NEO,ETH,0.004775,187.72666444,,,2026-03-31 13:33:53.697123+00:00,NEOETH,NEO,binance,"{""price_change_percent"": -16.155, ""trade_count"": 4000}"
binance,QTUM/ETH,QTUM,ETH,0.0004655,163.57504584,,,2026-03-31 13:33:53.697123+00:00,QTUMETH,QTUM,binance,"{""price_change_percent"": -9.979, ""trade_count"": 4000}"
binance,SNT/ETH,SNT,ETH,1.7e-05,160.35207145,,,2026-03-31 13:33:53.697123+00:00,SNTETH,SNT,binance,"{""price_change_percent"": 15.725, ""trade_count"": 4000}"
binance,KNC/ETH,KNC,ETH,0.0003941,149.49148975,,,2026-03-31 13:33:53.697123+00:00,KNCETH,KNC,binance,"{""price_change_percent"": -20.975, ""trade_count"": 4000}"
binance,ENJ/ETH,ENJ,ETH,6.172e-05,144.79535101,,,2026-03-31 13:33:53.697123+00:00,ENJETH,ENJ,binance,"{""price_change_percent"": -7.369, ""trade_count"": 4000}"
binance,VIB/ETH,VIB,ETH,3.45e-05,129.83515609,,,2026-03-31 13:33:53.697123+00:00,VIBETH,VIB,binance,"{""price_change_percent"": -7.358, ""trade_count"": 4000}"
binance,ZEC/ETH,ZEC,ETH,0.12218,124.90500763,,,2026-03-31 13:33:53.697123+00:00,ZECETH,ZEC,binance,"{""price_change_percent"": 11.713, ""trade_count"": 3573}"
binance,LRC/ETH,LRC,ETH,1.675e-05,117.75867359,,,2026-03-31 13:33:53.697123+00:00,LRCETH,LRC,binance,"{""price_change_percent"": -19.664, ""trade_count"": 4000}"
binance,EOS/ETH,EOS,ETH,0.0003067,117.17343445,,,2026-03-31 13:33:53.697123+00:00,EOSETH,EOS,binance,"{""price_change_percent"": -0.325, ""trade_count"": 4000}"
binance,ETC/ETH,ETC,ETH,0.00387,107.7580188,,,2026-03-31 13:33:53.697123+00:00,ETCETH,ETC,binance,"{""price_change_percent"": -5.379, ""trade_count"": 4000}"
binance,LINK/ETH,LINK,ETH,0.004213,102.8362857,,,2026-03-31 13:33:53.697123+00:00,LINKETH,LINK,binance,"{""price_change_percent"": -1.611, ""trade_count"": 1604}"
binance,XVG/ETH,XVG,ETH,2.47e-06,101.99437451,,,2026-03-31 13:33:53.697123+00:00,XVGETH,XVG,binance,"{""price_change_percent"": 11.765, ""trade_count"": 4000}"
binance,POWR/ETH,POWR,ETH,2.76e-05,88.9367753,,,2026-03-31 13:33:53.697123+00:00,POWRETH,POWR,binance,"{""price_change_percent"": -28.682, ""trade_count"": 4000}"
binance,FUN/ETH,FUN,ETH,1.46e-06,88.2224677,,,2026-03-31 13:33:53.697123+00:00,FUNETH,FUN,binance,"{""price_change_percent"": -20.219, ""trade_count"": 4000}"
binance,BNT/ETH,BNT,ETH,0.0002026,57.33680762,,,2026-03-31 13:33:53.697123+00:00,BNTETH,BNT,binance,"{""price_change_percent"": -8.574, ""trade_count"": 4000}"
binance,BTG/BTC,BTG,BTC,0.000913,25.35711222,,,2026-03-31 13:33:53.697123+00:00,BTGBTC,BTG,binance,"{""price_change_percent"": -2.248, ""trade_count"": 4001}"
binance,ARK/BTC,ARK,BTC,1.679e-05,24.49015188,,,2026-03-31 13:33:53.697123+00:00,ARKBTC,ARK,binance,"{""price_change_percent"": -3.947, ""trade_count"": 4000}"
binance,DNT/BTC,DNT,BTC,1.86e-06,16.34056788,,,2026-03-31 13:33:53.697123+00:00,DNTBTC,DNT,binance,"{""price_change_percent"": -17.333, ""trade_count"": 4001}"
binance,SNM/BTC,SNM,BTC,5.7e-07,12.82046841,,,2026-03-31 13:33:53.697123+00:00,SNMBTC,SNM,binance,"{""price_change_percent"": -52.101, ""trade_count"": 4001}"
binance,LTC/BTC,LTC,BTC,0.000804,10.49342258,,,2026-03-31 13:33:53.697123+00:00,LTCBTC,LTC,binance,"{""price_change_percent"": 1.132, ""trade_count"": 2234}"
binance,WTC/BTC,WTC,BTC,2.4e-07,8.84776703,,,2026-03-31 13:33:53.697123+00:00,WTCBTC,WTC,binance,"{""price_change_percent"": -73.034, ""trade_count"": 4000}"
binance,REQ/BTC,REQ,BTC,1.12e-06,8.27202713,,,2026-03-31 13:33:53.697123+00:00,REQBTC,REQ,binance,"{""price_change_percent"": -13.178, ""trade_count"": 4000}"
binance,OAX/BTC,OAX,BTC,3.8e-07,3.95122264,,,2026-03-31 13:33:53.697123+00:00,OAXBTC,OAX,binance,"{""price_change_percent"": -55.294, ""trade_count"": 4000}"
binance,AST/BTC,AST,BTC,1.24e-06,2.75877802,,,2026-03-31 13:33:53.697123+00:00,ASTBTC,AST,binance,"{""price_change_percent"": -4.615, ""trade_count"": 4000}"
binance,STORJ/BTC,STORJ,BTC,1.43e-06,1.54919185,,,2026-03-31 13:33:53.697123+00:00,STORJBTC,STORJ,binance,"{""price_change_percent"": -4.667, ""trade_count"": 4000}"
binance,GAS/BTC,GAS,BTC,2.31e-05,0.41586384,,,2026-03-31 13:33:53.697123+00:00,GASBTC,GAS,binance,"{""price_change_percent"": -0.858, ""trade_count"": 179}"
binance,BCC/BTC,BCC,BTC,0.0,0.0,,,2026-03-31 13:33:53.697123+00:00,BCCBTC,BCC,binance,"{""price_change_percent"": 0.0, ""trade_count"": 0}"
binance,BQX/BTC,BQX,BTC,0.0,0.0,,,2026-03-31 13:33:53.697123+00:00,BQXBTC,BQX,binance,"{""price_change_percent"": 0.0, ""trade_count"": 0}"
binance,ENG/BTC,ENG,BTC,0.0,0.0,,,2026-03-31 13:33:53.697123+00:00,ENGBTC,ENG,binance,"{""price_change_percent"": 0.0, ""trade_count"": 0}"
binance,EVX/BTC,EVX,BTC,0.0,0.0,,,2026-03-31 13:33:53.697123+00:00,EVXBTC,EVX,binance,"{""price_change_percent"": 0.0, ""trade_count"": 0}"
binance,HSR/BTC,HSR,BTC,0.0,0.0,,,2026-03-31 13:33:53.697123+00:00,HSRBTC,HSR,binance,"{""price_change_percent"": 0.0, ""trade_count"": 0}"
binance,ICN/ETH,ICN,ETH,0.0,0.0,,,2026-03-31 13:33:53.697123+00:00,ICNETH,ICN,binance,"{""price_change_percent"": 0.0, ""trade_count"": 0}"
binance,MCO/ETH,MCO,ETH,0.0,0.0,,,2026-03-31 13:33:53.697123+00:00,MCOETH,MCO,binance,"{""price_change_percent"": 0.0, ""trade_count"": 0}"
binance,MDA/BTC,MDA,BTC,0.0,0.0,,,2026-03-31 13:33:53.697123+00:00,MDABTC,MDA,binance,"{""price_change_percent"": 0.0, ""trade_count"": 0}"
binance,MOD/BTC,MOD,BTC,0.0,0.0,,,2026-03-31 13:33:53.697123+00:00,MODBTC,MOD,binance,"{""price_change_percent"": 0.0, ""trade_count"": 0}"
binance,MTH/BTC,MTH,BTC,0.0,0.0,,,2026-03-31 13:33:53.697123+00:00,MTHBTC,MTH,binance,"{""price_change_percent"": 0.0, ""trade_count"": 0}"
binance,SALT/BTC,SALT,BTC,0.0,0.0,,,2026-03-31 13:33:53.697123+00:00,SALTBTC,SALT,binance,"{""price_change_percent"": 0.0, ""trade_count"": 0}"
binance,SNGLS/BTC,SNGLS,BTC,0.0,0.0,,,2026-03-31 13:33:53.697123+00:00,SNGLSBTC,SNGLS,binance,"{""price_change_percent"": 0.0, ""trade_count"": 0}"
binance,STRAT/BTC,STRAT,BTC,0.0,0.0,,,2026-03-31 13:33:53.697123+00:00,STRATBTC,STRAT,binance,"{""price_change_percent"": 0.0, ""trade_count"": 0}"
binance,SUB/BTC,SUB,BTC,0.0,0.0,,,2026-03-31 13:33:53.697123+00:00,SUBBTC,SUB,binance,"{""price_change_percent"": 0.0, ""trade_count"": 0}"
binance,VENBNB/UNKNOWN,VENBNB,UNKNOWN,0.0,0.0,,,2026-03-31 13:33:53.697123+00:00,VENBNB,VENBNB,binance,"{""price_change_percent"": 0.0, ""trade_count"": 0}"
binance,YOYO/BTC,YOYO,BTC,0.0,0.0,,,2026-03-31 13:33:53.697123+00:00,YOYOBTC,YOYO,binance,"{""price_change_percent"": 0.0, ""trade_count"": 0}"
